precision,recall
0.2878787878787879,1.0
0.2923076923076923,1.0
0.296875,1.0
0.30158730158730157,1.0
0.3064516129032258,1.0
0.3114754098360656,1.0
0.31666666666666665,1.0
0.3220338983050847,1.0
0.3275862068965517,1.0
0.3333333333333333,1.0
0.3392857142857143,1.0
0.34545454545454546,1.0
0.35185185185185186,1.0
0.33962264150943394,0.9473684210526315
0.34615384615384615,0.9473684210526315
0.3333333333333333,0.8947368421052632
0.34,0.8947368421052632
0.3469387755102041,0.8947368421052632
0.3541666666666667,0.8947368421052632
0.3617021276595745,0.8947368421052632
0.3695652173913043,0.8947368421052632
0.35555555555555557,0.8421052631578947
0.36363636363636365,0.8421052631578947
0.37209302325581395,0.8421052631578947
0.38095238095238093,0.8421052631578947
0.3902439024390244,0.8421052631578947
0.4,0.8421052631578947
0.41025641025641024,0.8421052631578947
0.42105263157894735,0.8421052631578947
0.43243243243243246,0.8421052631578947
0.4444444444444444,0.8421052631578947
0.45714285714285713,0.8421052631578947
0.47058823529411764,0.8421052631578947
0.48484848484848486,0.8421052631578947
0.46875,0.7894736842105263
0.4838709677419355,0.7894736842105263
0.5,0.7894736842105263
0.5172413793103449,0.7894736842105263
0.5357142857142857,0.7894736842105263
0.5555555555555556,0.7894736842105263
0.5769230769230769,0.7894736842105263
0.6,0.7894736842105263
0.625,0.7894736842105263
0.6521739130434783,0.7894736842105263
0.6818181818181818,0.7894736842105263
0.6666666666666666,0.7368421052631579
0.65,0.6842105263157895
0.6842105263157895,0.6842105263157895
0.7222222222222222,0.6842105263157895
0.7647058823529411,0.6842105263157895
0.8125,0.6842105263157895
0.8666666666666667,0.6842105263157895
0.8571428571428571,0.631578947368421
0.8461538461538461,0.5789473684210527
0.9166666666666666,0.5789473684210527
0.9090909090909091,0.5263157894736842
0.9,0.47368421052631576
1.0,0.47368421052631576
1.0,0.42105263157894735
1.0,0.3684210526315789
1.0,0.3157894736842105
1.0,0.2631578947368421
1.0,0.21052631578947367
1.0,0.15789473684210525
1.0,0.10526315789473684
1.0,0.05263157894736842
1.0,0.0
