precision,recall
0.2878787878787879,1.0
0.2923076923076923,1.0
0.296875,1.0
0.30158730158730157,1.0
0.3064516129032258,1.0
0.3114754098360656,1.0
0.31666666666666665,1.0
0.3220338983050847,1.0
0.3275862068965517,1.0
0.3333333333333333,1.0
0.3392857142857143,1.0
0.34545454545454546,1.0
0.3333333333333333,0.9473684210526315
0.32075471698113206,0.8947368421052632
0.3269230769230769,0.8947368421052632
0.3333333333333333,0.8947368421052632
0.34,0.8947368421052632
0.32653061224489793,0.8421052631578947
0.3333333333333333,0.8421052631578947
0.3404255319148936,0.8421052631578947
0.34782608695652173,0.8421052631578947
0.3333333333333333,0.7894736842105263
0.3409090909090909,0.7894736842105263
0.3488372093023256,0.7894736842105263
0.35714285714285715,0.7894736842105263
0.36585365853658536,0.7894736842105263
0.375,0.7894736842105263
0.38461538461538464,0.7894736842105263
0.39473684210526316,0.7894736842105263
0.3783783783783784,0.7368421052631579
0.3888888888888889,0.7368421052631579
0.4,0.7368421052631579
0.38235294117647056,0.6842105263157895
0.36363636363636365,0.631578947368421
0.375,0.631578947368421
0.3870967741935484,0.631578947368421
0.4,0.631578947368421
0.41379310344827586,0.631578947368421
0.42857142857142855,0.631578947368421
0.4444444444444444,0.631578947368421
0.46153846153846156,0.631578947368421
0.48,0.631578947368421
0.5,0.631578947368421
0.5217391304347826,0.631578947368421
0.5454545454545454,0.631578947368421
0.5714285714285714,0.631578947368421
0.6,0.631578947368421
0.631578947368421,0.631578947368421
0.6111111111111112,0.5789473684210527
0.5882352941176471,0.5263157894736842
0.625,0.5263157894736842
0.6666666666666666,0.5263157894736842
0.6428571428571429,0.47368421052631576
0.6153846153846154,0.42105263157894735
0.6666666666666666,0.42105263157894735
0.7272727272727273,0.42105263157894735
0.7,0.3684210526315789
0.6666666666666666,0.3157894736842105
0.75,0.3157894736842105
0.7142857142857143,0.2631578947368421
0.6666666666666666,0.21052631578947367
0.8,0.21052631578947367
0.75,0.15789473684210525
1.0,0.15789473684210525
1.0,0.10526315789473684
1.0,0.05263157894736842
1.0,0.0
