precision,recall
0.2878787878787879,1.0
0.2923076923076923,1.0
0.296875,1.0
0.30158730158730157,1.0
0.3064516129032258,1.0
0.3114754098360656,1.0
0.31666666666666665,1.0
0.3050847457627119,0.9473684210526315
0.3103448275862069,0.9473684210526315
0.3157894736842105,0.9473684210526315
0.32142857142857145,0.9473684210526315
0.32727272727272727,0.9473684210526315
0.3148148148148148,0.8947368421052632
0.3018867924528302,0.8421052631578947
0.3076923076923077,0.8421052631578947
0.3137254901960784,0.8421052631578947
0.32,0.8421052631578947
0.30612244897959184,0.7894736842105263
0.3125,0.7894736842105263
0.2978723404255319,0.7368421052631579
0.2826086956521739,0.6842105263157895
0.28888888888888886,0.6842105263157895
0.2727272727272727,0.631578947368421
0.27906976744186046,0.631578947368421
0.2857142857142857,0.631578947368421
0.2926829268292683,0.631578947368421
0.3,0.631578947368421
0.3076923076923077,0.631578947368421
0.3157894736842105,0.631578947368421
0.32432432432432434,0.631578947368421
0.3055555555555556,0.5789473684210527
0.3142857142857143,0.5789473684210527
0.3235294117647059,0.5789473684210527
0.3333333333333333,0.5789473684210527
0.34375,0.5789473684210527
0.3548387096774194,0.5789473684210527
0.36666666666666664,0.5789473684210527
0.3793103448275862,0.5789473684210527
0.39285714285714285,0.5789473684210527
0.37037037037037035,0.5263157894736842
0.38461538461538464,0.5263157894736842
0.4,0.5263157894736842
0.4166666666666667,0.5263157894736842
0.43478260869565216,0.5263157894736842
0.4090909090909091,0.47368421052631576
0.38095238095238093,0.42105263157894735
0.35,0.3684210526315789
0.3684210526315789,0.3684210526315789
0.3888888888888889,0.3684210526315789
0.4117647058823529,0.3684210526315789
0.375,0.3157894736842105
0.4,0.3157894736842105
0.42857142857142855,0.3157894736842105
0.38461538461538464,0.2631578947368421
0.3333333333333333,0.21052631578947367
0.2727272727272727,0.15789473684210525
0.2,0.10526315789473684
0.2222222222222222,0.10526315789473684
0.125,0.05263157894736842
0.14285714285714285,0.05263157894736842
0.0,0.0
0.0,0.0
0.0,0.0
0.0,0.0
0.0,0.0
0.0,0.0
1.0,0.0
