mean_cv_score,model__C
1.3988644206996046,0.5
1.565194159756355,1.0
