mean_cv_score,model__C
1.7240247395782056,0.5
2.180791464390303,1.0
