mean_cv_score,model__alpha,model__l1_ratio
57.17743915718523,0.01,0.5
33.34932576552873,0.1,0.5
17.236591945398775,1.0,0.5
