mean_cv_score,model__alpha,model__l1_ratio
0.07955541480054494,0.01,0.5
0.09455566740581012,0.1,0.5
0.09517235684723502,1.0,0.5
