mean_cv_score,model__C,model__kernel
0.5087359974885709,0.5,rbf
0.5207012732529578,1.0,rbf
