mean_cv_score,model__alpha,model__l1_ratio
17.75366057918728,0.01,0.5
12.959023779592465,0.1,0.5
4.1201934134514735,1.0,0.5
