mean_cv_score,model__alpha,model__l1_ratio
0.03439144414273455,0.01,0.5
0.03774156996004647,0.1,0.5
0.03774156996004647,1.0,0.5
