mean_cv_score,model__C,model__kernel
0.8677566148239344,0.5,rbf
0.8843062511418321,1.0,rbf
