mean_cv_score,model__alpha,model__l1_ratio
37.14643082028793,0.01,0.5
28.863618837979804,0.1,0.5
14.387643418339794,1.0,0.5
