mean_cv_score,model__C
2.465065549241183,0.5
2.980583708232827,1.0
