mean_cv_score,model__alpha,model__l1_ratio
0.06263875425143456,0.01,0.5
0.07766605361699098,0.1,0.5
0.07817044045494971,1.0,0.5
