mean_cv_score,model__C,model__kernel
0.7842738124455586,0.5,rbf
0.8041294170896527,1.0,rbf
