mean_cv_score,model__alpha,model__l1_ratio
0.08704146602984943,0.01,0.5
0.07665427393410473,0.1,0.5
0.07665427393410473,1.0,0.5
