mean_cv_score,model__C,model__kernel
0.4794180037147468,0.5,rbf
0.48598110384814913,1.0,rbf
