mean_cv_score,model__alpha,model__l1_ratio
4.394165399438423,0.01,0.5
2.3107482089883753,0.1,0.5
3.2718682793251994,1.0,0.5
