mean_cv_score,model__alpha,model__l1_ratio
0.08781835283648436,0.01,0.5
0.09714999514153817,0.1,0.5
0.09714999514153817,1.0,0.5
