mean_cv_score,model__alpha,model__l1_ratio
10.066707764015172,0.01,0.5
6.878189432642845,0.1,0.5
6.826078760161722,1.0,0.5
