mean_cv_score,model__alpha,model__l1_ratio
22.056730757896005,0.01,0.5
11.588684325637372,0.1,0.5
9.316410147788192,1.0,0.5
