mean_cv_score,model__alpha,model__l1_ratio
0.03873878334943897,0.01,0.5
0.03522572120803607,0.1,0.5
0.03522572120803607,1.0,0.5
