mean_cv_score,model__C
2.0472849135756017,0.5
2.6265533023243868,1.0
