mean_cv_score,model__C
2.9939793054184527,0.5
3.6711911908499304,1.0
