mean_cv_score,model__alpha,model__l1_ratio
0.09986793903780833,0.01,0.5
0.11749076410962005,0.1,0.5
0.15700957011196368,1.0,0.5
