mean_cv_score,model__alpha,model__l1_ratio
413.4171731916711,0.01,0.5
402.2922941882567,0.1,0.5
57.5188213829953,1.0,0.5
