mean_cv_score,model__alpha,model__l1_ratio
11.362315913902167,0.01,0.5
9.168003179074988,0.1,0.5
8.501785133778709,1.0,0.5
