mean_cv_score,model__alpha,model__l1_ratio
0.21180490218966494,0.01,0.5
0.11428589092425873,0.1,0.5
0.1381639008298048,1.0,0.5
