mean_cv_score,model__alpha,model__l1_ratio
0.08434494289548351,0.01,0.5
0.10358584808071845,0.1,0.5
0.1321807849352006,1.0,0.5
