mean_cv_score,model__C
4.729385880083712,0.5
4.944721932810732,1.0
