mean_cv_score,model__alpha,model__l1_ratio
0.07766051369573591,0.01,0.5
0.10166941103081768,0.1,0.5
0.11903387998754833,1.0,0.5
