mean_cv_score,model__C
3.5067635800663877,0.5
3.6997575806659917,1.0
