mean_cv_score,model__alpha,model__l1_ratio
0.053835880616395576,0.01,0.5
0.07928768668002834,0.1,0.5
0.08288659676503625,1.0,0.5
