mean_cv_score,model__alpha,model__l1_ratio
4.137386657567677,0.01,0.5
3.7113695286430453,0.1,0.5
3.8230373210169355,1.0,0.5
