mean_cv_score,model__C
2.762292130344754,0.5
3.065351228059093,1.0
