mean_cv_score,model__alpha,model__l1_ratio
8.472918432467416,0.01,0.5
7.705775458340295,0.1,0.5
8.567965476829412,1.0,0.5
