mean_cv_score,model__alpha,model__l1_ratio
50.22096834032741,0.01,0.5
42.74006073599575,0.1,0.5
44.26920480329048,1.0,0.5
