mean_cv_score,model__alpha,model__l1_ratio
0.04083473210112109,0.01,0.5
0.054967367459283,0.1,0.5
0.054967367459283,1.0,0.5
