mean_cv_score,model__alpha,model__l1_ratio
16.284708092433522,0.01,0.5
12.805903342112726,0.1,0.5
10.645714908688008,1.0,0.5
