mean_cv_score,model__alpha,model__l1_ratio
0.0720396445122231,0.01,0.5
0.08663741127567776,0.1,0.5
0.08944740562982495,1.0,0.5
