mean_cv_score,model__alpha,model__l1_ratio
0.08241347554831627,0.01,0.5
0.027426828968287575,0.1,0.5
0.027426828968287575,1.0,0.5
