mean_cv_score,model__alpha,model__l1_ratio
0.19455841498076643,0.01,0.5
0.07486329766485783,0.1,0.5
0.08065574952780533,1.0,0.5
