mean_cv_score,model__C,model__kernel
0.7067859106334816,0.5,rbf
0.7038391339375647,1.0,rbf
