mean_cv_score,model__C
4.445215359507019,0.5
5.526504677760169,1.0
