mean_cv_score,model__alpha,model__l1_ratio
166.02992780566396,0.01,0.5
134.72842145789735,0.1,0.5
98.65480875431048,1.0,0.5
