mean_cv_score,model__alpha,model__l1_ratio
26.670698747891993,0.01,0.5
21.208297437884553,0.1,0.5
16.23825264124313,1.0,0.5
