mean_cv_score,model__alpha,model__l1_ratio
84.44261711304492,0.01,0.5
66.48127625420771,0.1,0.5
49.51780921869515,1.0,0.5
