mean_cv_score,model__C
7.098105793628875,0.5
8.634585498794912,1.0
