mean_cv_score,model__C,model__kernel
1.2052238425587731,0.5,rbf
1.1868823749460864,1.0,rbf
